Log entry from Sun Jun 22 07:23:03 UTC 2025
Log entry from Mon Jun 23 04:50:30 UTC 2025
Log entry from Tue Jun 24 04:47:17 UTC 2025
Log entry from Wed Jun 25 04:47:29 UTC 2025
Log entry from Thu Jun 26 04:47:14 UTC 2025
Log entry from Fri Jun 27 04:46:00 UTC 2025
Log entry from Sat Jun 28 04:45:10 UTC 2025
Log entry from Sun Jun 29 04:52:31 UTC 2025
Log entry from Mon Jun 30 04:50:00 UTC 2025
Log entry from Tue Jul  1 04:52:38 UTC 2025
Log entry from Wed Jul  2 04:47:35 UTC 2025
Log entry from Thu Jul  3 04:50:54 UTC 2025
Log entry from Fri Jul  4 04:48:35 UTC 2025
Log entry from Sat Jul  5 04:45:02 UTC 2025
Log entry from Sun Jul  6 04:48:55 UTC 2025
Log entry from Mon Jul  7 04:51:01 UTC 2025
Log entry from Tue Jul  8 04:47:18 UTC 2025
Log entry from Wed Jul  9 04:51:29 UTC 2025
Log entry from Thu Jul 10 04:49:28 UTC 2025
Log entry from Fri Jul 11 04:52:23 UTC 2025
Log entry from Sat Jul 12 04:47:52 UTC 2025
Log entry from Sun Jul 13 04:51:38 UTC 2025
Log entry from Mon Jul 14 04:56:00 UTC 2025
Log entry from Tue Jul 15 04:54:27 UTC 2025
Log entry from Wed Jul 16 04:54:19 UTC 2025
Log entry from Thu Jul 17 04:54:15 UTC 2025
Log entry from Fri Jul 18 04:56:00 UTC 2025
Log entry from Sat Jul 19 04:48:20 UTC 2025
Log entry from Sun Jul 20 04:56:32 UTC 2025
Log entry from Mon Jul 21 04:58:12 UTC 2025
Log entry from Tue Jul 22 04:55:02 UTC 2025
Log entry from Wed Jul 23 04:56:14 UTC 2025
Log entry from Thu Jul 24 04:55:18 UTC 2025
Log entry from Fri Jul 25 04:56:02 UTC 2025
Log entry from Sat Jul 26 04:52:57 UTC 2025
Log entry from Sun Jul 27 04:57:46 UTC 2025
Log entry from Mon Jul 28 05:00:22 UTC 2025
Log entry from Tue Jul 29 05:01:33 UTC 2025
Log entry from Wed Jul 30 04:59:20 UTC 2025
Log entry from Thu Jul 31 04:57:16 UTC 2025
Log entry from Fri Aug  1 05:05:10 UTC 2025
Log entry from Sat Aug  2 04:52:44 UTC 2025
Log entry from Sun Aug  3 05:01:03 UTC 2025
Log entry from Mon Aug  4 05:09:18 UTC 2025
Log entry from Tue Aug  5 05:01:57 UTC 2025
Log entry from Wed Aug  6 05:00:54 UTC 2025
Log entry from Thu Aug  7 05:00:09 UTC 2025
Log entry from Fri Aug  8 05:00:00 UTC 2025
Log entry from Sat Aug  9 04:46:59 UTC 2025
Log entry from Sun Aug 10 04:54:38 UTC 2025
Log entry from Mon Aug 11 04:58:52 UTC 2025
Log entry from Tue Aug 12 04:45:51 UTC 2025
Log entry from Wed Aug 13 04:48:23 UTC 2025
Log entry from Thu Aug 14 04:47:47 UTC 2025
Log entry from Fri Aug 15 04:47:22 UTC 2025
Log entry from Sat Aug 16 04:43:18 UTC 2025
Log entry from Sun Aug 17 04:49:09 UTC 2025
Log entry from Mon Aug 18 04:53:39 UTC 2025
Log entry from Tue Aug 19 04:40:49 UTC 2025
Log entry from Wed Aug 20 04:41:18 UTC 2025
Log entry from Thu Aug 21 04:41:13 UTC 2025
Log entry from Fri Aug 22 04:40:38 UTC 2025
Log entry from Sat Aug 23 04:39:27 UTC 2025
Log entry from Sun Aug 24 04:43:10 UTC 2025
Log entry from Mon Aug 25 04:45:04 UTC 2025
Log entry from Tue Aug 26 04:41:21 UTC 2025
Log entry from Wed Aug 27 04:39:39 UTC 2025
Log entry from Thu Aug 28 04:39:39 UTC 2025
Log entry from Fri Aug 29 04:40:06 UTC 2025
Log entry from Sat Aug 30 04:38:05 UTC 2025
Log entry from Sun Aug 31 04:38:35 UTC 2025
Log entry from Mon Sep  1 04:44:20 UTC 2025
Log entry from Tue Sep  2 04:40:28 UTC 2025
Log entry from Wed Sep  3 04:38:38 UTC 2025
Log entry from Thu Sep  4 04:38:40 UTC 2025
Log entry from Fri Sep  5 04:39:06 UTC 2025
Log entry from Sat Sep  6 04:37:11 UTC 2025
Log entry from Sun Sep  7 04:37:35 UTC 2025
Log entry from Mon Sep  8 04:39:35 UTC 2025
Log entry from Tue Sep  9 04:39:30 UTC 2025
Log entry from Wed Sep 10 04:37:30 UTC 2025
Log entry from Thu Sep 11 04:38:57 UTC 2025
Log entry from Fri Sep 12 04:37:25 UTC 2025
Log entry from Sat Sep 13 04:36:38 UTC 2025
Log entry from Sun Sep 14 04:37:11 UTC 2025
Log entry from Mon Sep 15 04:39:58 UTC 2025
Log entry from Tue Sep 16 04:38:08 UTC 2025
Log entry from Wed Sep 17 04:38:08 UTC 2025
Log entry from Thu Sep 18 04:38:18 UTC 2025
Log entry from Fri Sep 19 04:39:04 UTC 2025
Log entry from Sat Sep 20 04:38:11 UTC 2025
Log entry from Sun Sep 21 04:38:21 UTC 2025
Log entry from Mon Sep 22 04:38:58 UTC 2025
Log entry from Tue Sep 23 04:39:02 UTC 2025
Log entry from Wed Sep 24 04:39:28 UTC 2025
Log entry from Thu Sep 25 04:39:16 UTC 2025
Log entry from Fri Sep 26 04:39:07 UTC 2025
Log entry from Sat Sep 27 04:37:56 UTC 2025
Log entry from Sun Sep 28 04:37:59 UTC 2025
Log entry from Mon Sep 29 04:39:40 UTC 2025
Log entry from Tue Sep 30 04:39:13 UTC 2025
Log entry from Wed Oct  1 04:39:26 UTC 2025
Log entry from Thu Oct  2 04:37:53 UTC 2025
Log entry from Fri Oct  3 04:38:18 UTC 2025
Log entry from Sat Oct  4 04:37:00 UTC 2025
Log entry from Sun Oct  5 04:36:46 UTC 2025
Log entry from Mon Oct  6 04:38:41 UTC 2025
Log entry from Tue Oct  7 04:38:22 UTC 2025
Log entry from Wed Oct  8 04:38:41 UTC 2025
Log entry from Thu Oct  9 04:39:03 UTC 2025
Log entry from Fri Oct 10 04:39:31 UTC 2025
Log entry from Sat Oct 11 04:37:24 UTC 2025
Log entry from Sun Oct 12 04:37:44 UTC 2025
Log entry from Mon Oct 13 04:40:09 UTC 2025
Log entry from Tue Oct 14 04:39:09 UTC 2025
Log entry from Wed Oct 15 04:39:23 UTC 2025
Log entry from Thu Oct 16 04:39:07 UTC 2025
Log entry from Fri Oct 17 04:39:15 UTC 2025
Log entry from Sat Oct 18 04:37:59 UTC 2025
Log entry from Sun Oct 19 04:40:00 UTC 2025
Log entry from Mon Oct 20 04:41:32 UTC 2025
Log entry from Tue Oct 21 04:40:05 UTC 2025
Log entry from Wed Oct 22 04:40:35 UTC 2025
Log entry from Thu Oct 23 04:39:41 UTC 2025
Log entry from Fri Oct 24 04:39:46 UTC 2025
Log entry from Sat Oct 25 04:38:06 UTC 2025
Log entry from Sun Oct 26 04:38:26 UTC 2025
Log entry from Mon Oct 27 04:45:33 UTC 2025
Log entry from Tue Oct 28 04:40:22 UTC 2025
Log entry from Wed Oct 29 04:43:57 UTC 2025
Log entry from Thu Oct 30 04:40:08 UTC 2025
Log entry from Fri Oct 31 04:41:50 UTC 2025
Log entry from Sat Nov  1 04:37:36 UTC 2025
Log entry from Sun Nov  2 04:40:23 UTC 2025
Log entry from Mon Nov  3 04:45:05 UTC 2025
Log entry from Tue Nov  4 04:40:28 UTC 2025
Log entry from Wed Nov  5 04:40:56 UTC 2025
Log entry from Thu Nov  6 04:44:23 UTC 2025
Log entry from Fri Nov  7 04:40:33 UTC 2025
Log entry from Sat Nov  8 04:39:20 UTC 2025
Log entry from Sun Nov  9 04:38:54 UTC 2025
Log entry from Mon Nov 10 04:43:55 UTC 2025
Log entry from Tue Nov 11 04:42:16 UTC 2025
Log entry from Wed Nov 12 04:42:18 UTC 2025
Log entry from Thu Nov 13 04:43:13 UTC 2025
Log entry from Fri Nov 14 04:41:23 UTC 2025
Log entry from Sat Nov 15 04:39:35 UTC 2025
Log entry from Sun Nov 16 04:42:49 UTC 2025
Log entry from Mon Nov 17 04:44:03 UTC 2025
Log entry from Tue Nov 18 04:41:27 UTC 2025
Log entry from Wed Nov 19 04:41:50 UTC 2025
Log entry from Thu Nov 20 04:40:05 UTC 2025
Log entry from Fri Nov 21 04:41:22 UTC 2025
Log entry from Sat Nov 22 04:39:08 UTC 2025
Log entry from Sun Nov 23 04:47:44 UTC 2025
Log entry from Mon Nov 24 04:49:18 UTC 2025
Log entry from Tue Nov 25 04:43:43 UTC 2025
Log entry from Wed Nov 26 04:43:55 UTC 2025
Log entry from Thu Nov 27 04:42:25 UTC 2025
Log entry from Fri Nov 28 04:42:07 UTC 2025
Log entry from Sat Nov 29 04:41:04 UTC 2025
Log entry from Sun Nov 30 04:49:17 UTC 2025
Log entry from Mon Dec  1 05:01:19 UTC 2025
Log entry from Tue Dec  2 04:46:46 UTC 2025
Log entry from Wed Dec  3 04:45:36 UTC 2025
